Year,Total Projects,Total Labs,Avg A Count,Max A Count,Min A Count,Avg A Rate,Special Labs
2021,28,261,12.942528735632184,27,1,87.44041650448366,211(12A/12P=100.0%)
2022,56,273,14.941391941391942,43,1,88.19342418392617,8(30A/30P=100.0%)
2023,40,311,12.916398713826366,29,1,80.45064214338315,43(26A/27P=96.3%)
2024,47,461,15.162689804772235,37,1,77.91654666232937,5(32A/32P=100.0%)
2025,42,396,13.45959595959596,36,1,79.20890601279982,15(34A/35P=97.1%)
