Year,Total Projects,Total Labs,Avg Bias,Min Bias,Max Bias,Avg Variance,Avg Projects per Lab,Special Labs
2021,28,259,27.684009440152302,0.0,1775.877,113327.2787273209,11.247104247104247,211(Bias:1.457±0.901)
2022,56,265,516.0731880216863,1.02875,131546.8366666667,130643096.33965534,9.69811320754717,8(Bias:2.226±2.026)
2023,40,315,77.92598586481172,0.965,14295.010999999999,4690222.169954787,13.574603174603174,43(Bias:4.126±5.828)
2024,47,468,114.76328096516056,0.41,15034.206666666665,4281139.740277122,17.487179487179485,5(Bias:3.419±4.164)
