Year,Labcode,Bias Mean,Bias Std,Rank,Projects,Total Projects
2021,211,1.4569999999999999,0.9011553695118284,4,10,28
2022,8,2.225625,2.0264068222780436,19,16,56
2023,43,4.125909090909091,5.827545607708047,33,22,40
2024,5,3.419000000000001,4.16355244953153,15,30,47
