year,our_labcode,n_projects,rdi,sem,median_abs_bias,rank,n_labs
2021,211,10,1.4569999999999999,0.30038512317060945,1.3399999999999999,4,259
2022,8,15,2.161333333333333,0.5551026217150488,1.44,17,265
2023,43,22,4.125909090909091,1.2716747077680743,2.08,33,315
2024,5,30,3.419000000000001,0.77315228013365,1.445,15,468
2025,15,32,4.81875,0.7157141355250171,4.949999999999999,52,392
