Year,Labcode,Detection,Total Projects,Detection Rate,Rank
2021,211,1,9,11.11111111111111,79
2022,8,5,14,35.714285714285715,48
2023,43,3,6,50.0,14
2024,5,5,14,35.714285714285715,37
