Year,High Difficulty Projects,Total Labs,Avg Detection,Max Detection,Min Detection,Special Lab Info
2021,2,37,1.2162162162162162,2,1,
2022,5,74,1.527027027027027,5,1,8(2/5=40.0%)
2023,10,187,3.272727272727273,8,1,43(6/10=60.0%)
2024,4,106,1.330188679245283,3,1,5(2/4=50.0%)
