Year,Total Projects,Total Labs,Avg A Count,Max A Count,Min A Count,Avg A Rate,Special Labs
2021,28,261,12.942528735632184,27,1,87.44041650448366,211(12A/12P=100.0%)
2022,47,272,13.466911764705882,35,1,88.64924369059564,8(30A/30P=100.0%)
2023,32,310,11.083870967741936,25,1,81.14374454979344,43(25A/26P=96.2%)
2024,38,459,11.88888888888889,29,1,78.0306207924342,5(25A/25P=100.0%)
2025,31,395,10.746835443037975,25,1,82.2716644993331,15(25A/26P=96.2%)
