Project Index,Project Name,Avg Difficulty,Avg Pass Rate,Total Participants,Total A Count,Overall Pass Rate
4,H-3 Beta Water,0.7328153787686714,0.7950612111902434,483,389,0.8053830227743272
1,Sr-90 Beta Water,0.6855938444375793,0.8618282710280374,519,446,0.859344894026975
2,Gross Alpha Water,0.6649446334541218,0.886891263561465,542,490,0.9040590405904059
3,Gross Beta Water,0.6170021408271997,0.8821483131798755,614,543,0.8843648208469055
